dataset,fold,method,accuracy,weighted_f1,runtime_seconds,search_reduction_percent,n_samples,n_features
Iris,1,L2,1.0,1.0,0.0024616160000050513,,150,4
Iris,1,FullP,1.0,1.0,0.003568568000005712,0.0,150,4
Iris,1,APG_AMS,1.0,1.0,0.0014837899999946558,80.0,150,4
Iris,1,NCA,1.0,1.0,0.0103442769999873,,150,4
Iris,1,LMNN,1.0,1.0,0.2225881410000028,,150,4
Iris,2,L2,0.9333333333333333,0.9326599326599326,0.002008641999992733,,150,4
Iris,2,FullP,0.9333333333333333,0.9326599326599326,0.0034671739999936335,0.0,150,4
Iris,2,APG_AMS,0.9333333333333333,0.9326599326599326,0.0014522929999998269,80.0,150,4
Iris,2,NCA,0.9333333333333333,0.9326599326599326,0.01027553300001216,,150,4
Iris,2,LMNN,0.9333333333333333,0.9326599326599326,0.22204596299999935,,150,4
Iris,3,L2,1.0,1.0,0.0018923970000059853,,150,4
Iris,3,FullP,1.0,1.0,0.0034474349999982223,0.0,150,4
Iris,3,APG_AMS,1.0,1.0,0.0014211959999954615,80.0,150,4
Iris,3,NCA,0.9333333333333333,0.9326599326599326,0.012595185999998648,,150,4
Iris,3,LMNN,1.0,1.0,0.22853339699999253,,150,4
Iris,4,L2,0.9333333333333333,0.9326599326599326,0.0019234039999957986,,150,4
Iris,4,FullP,0.9333333333333333,0.9326599326599326,0.003387023000001932,0.0,150,4
Iris,4,APG_AMS,0.9333333333333333,0.9326599326599326,0.001419713000004208,80.0,150,4
Iris,4,NCA,1.0,1.0,0.0090488310000012,,150,4
Iris,4,LMNN,0.9333333333333333,0.9326599326599326,0.22289207999999405,,150,4
Iris,5,L2,0.9333333333333333,0.9326599326599326,0.001947849999993423,,150,4
Iris,5,FullP,0.9333333333333333,0.9326599326599326,0.0033790720000013152,0.0,150,4
Iris,5,APG_AMS,0.9333333333333333,0.9326599326599326,0.001433042999991585,80.0,150,4
Iris,5,NCA,0.9333333333333333,0.9326599326599326,0.01157577700000445,,150,4
Iris,5,LMNN,0.9333333333333333,0.9326599326599326,0.20663018800000543,,150,4
Iris,6,L2,0.8666666666666667,0.8611111111111112,0.0019941709999926616,,150,4
Iris,6,FullP,0.8666666666666667,0.8611111111111112,0.003438591000005431,0.0,150,4
Iris,6,APG_AMS,0.8666666666666667,0.8611111111111112,0.0014167190000051733,80.0,150,4
Iris,6,NCA,0.8666666666666667,0.8611111111111112,0.010892644999998424,,150,4
Iris,6,LMNN,0.8666666666666667,0.8611111111111112,0.21686335600000461,,150,4
Iris,7,L2,1.0,1.0,0.0018983469999938052,,150,4
Iris,7,FullP,1.0,1.0,0.0033656820000089738,0.0,150,4
Iris,7,APG_AMS,1.0,1.0,0.001402788000007149,80.0,150,4
Iris,7,NCA,1.0,1.0,0.012013518999992812,,150,4
Iris,7,LMNN,1.0,1.0,0.22360929100000249,,150,4
Iris,8,L2,1.0,1.0,0.0019407099999995125,,150,4
Iris,8,FullP,1.0,1.0,0.003391290000010372,0.0,150,4
Iris,8,APG_AMS,1.0,1.0,0.0014147859999980028,80.0,150,4
Iris,8,NCA,0.9333333333333333,0.9326599326599326,0.009704693000003317,,150,4
Iris,8,LMNN,1.0,1.0,0.22670187100000305,,150,4
Iris,9,L2,1.0,1.0,0.0019119570000043495,,150,4
Iris,9,FullP,1.0,1.0,0.003411021000005121,0.0,150,4
Iris,9,APG_AMS,1.0,1.0,0.0014091079999900558,80.0,150,4
Iris,9,NCA,1.0,1.0,0.00937337199999888,,150,4
Iris,9,LMNN,1.0,1.0,0.22221631799999386,,150,4
Iris,10,L2,0.9333333333333333,0.9326599326599326,0.002022974000013278,,150,4
Iris,10,FullP,0.9333333333333333,0.9326599326599326,0.0037185740000040823,0.0,150,4
Iris,10,APG_AMS,0.9333333333333333,0.9326599326599326,0.0015723839999992606,80.0,150,4
Iris,10,NCA,0.9333333333333333,0.9326599326599326,0.01508981400000664,,150,4
Iris,10,LMNN,0.9333333333333333,0.9326599326599326,0.21768703000000755,,150,4
Wine,1,L2,1.0,1.0,0.0019296030000077735,,178,13
Wine,1,FullP,1.0,1.0,0.004290148000009708,0.0,178,13
Wine,1,APG_AMS,1.0,1.0,0.001781260000001339,75.55555555555556,178,13
Wine,1,NCA,1.0,1.0,0.007832214999993425,,178,13
Wine,1,LMNN,1.0,1.0,0.13210408099999427,,178,13
Wine,2,L2,0.8888888888888888,0.8842916342916343,0.0019933000000094125,,178,13
Wine,2,FullP,0.8888888888888888,0.8842916342916343,0.00435024899999803,0.0,178,13
Wine,2,APG_AMS,0.8888888888888888,0.8842916342916343,0.0015721329999962563,80.0,178,13
Wine,2,NCA,0.9444444444444444,0.9448329448329448,0.008159500000004982,,178,13
Wine,2,LMNN,0.8888888888888888,0.8842916342916343,0.12615867399999559,,178,13
Wine,3,L2,1.0,1.0,0.0019955129999971177,,178,13
Wine,3,FullP,1.0,1.0,0.004358181000000627,0.0,178,13
Wine,3,APG_AMS,1.0,1.0,0.001739126000003921,75.55555555555556,178,13
Wine,3,NCA,1.0,1.0,0.009100020000005316,,178,13
Wine,3,LMNN,1.0,1.0,0.1302982739999976,,178,13
Wine,4,L2,0.8888888888888888,0.8875661375661376,0.0021441970000068977,,178,13
Wine,4,FullP,0.8888888888888888,0.8875661375661376,0.004347433999996042,0.0,178,13
Wine,4,APG_AMS,0.8888888888888888,0.8875661375661376,0.0016065260000033277,80.0,178,13
Wine,4,NCA,0.9444444444444444,0.9448329448329448,0.008192199000006894,,178,13
Wine,4,LMNN,0.8888888888888888,0.8875661375661376,0.12930603499999904,,178,13
Wine,5,L2,1.0,1.0,0.001958036999994306,,178,13
Wine,5,FullP,1.0,1.0,0.004366192000006208,0.0,178,13
Wine,5,APG_AMS,1.0,1.0,0.0015541169999977456,80.0,178,13
Wine,5,NCA,1.0,1.0,0.0060511570000016945,,178,13
Wine,5,LMNN,1.0,1.0,0.12885142999999744,,178,13
Wine,6,L2,1.0,1.0,0.0024253920000063545,,178,13
Wine,6,FullP,1.0,1.0,0.004404719999996587,0.0,178,13
Wine,6,APG_AMS,1.0,1.0,0.0015905709999941564,80.0,178,13
Wine,6,NCA,1.0,1.0,0.00773218500000894,,178,13
Wine,6,LMNN,1.0,1.0,0.12993656800000508,,178,13
Wine,7,L2,1.0,1.0,0.0019250570000082234,,178,13
Wine,7,FullP,1.0,1.0,0.004280653000009238,0.0,178,13
Wine,7,APG_AMS,1.0,1.0,0.0015884080000034828,80.0,178,13
Wine,7,NCA,1.0,1.0,0.007850302999997893,,178,13
Wine,7,LMNN,1.0,1.0,0.1321779319999905,,178,13
Wine,8,L2,0.8888888888888888,0.8842916342916343,0.0020271500000035303,,178,13
Wine,8,FullP,0.8888888888888888,0.8842916342916343,0.0043079840000075365,0.0,178,13
Wine,8,APG_AMS,0.8888888888888888,0.8842916342916343,0.001587896999993177,80.0,178,13
Wine,8,NCA,0.9444444444444444,0.9448329448329448,0.0074547259999917515,,178,13
Wine,8,LMNN,0.8888888888888888,0.8842916342916343,0.12486273700000083,,178,13
Wine,9,L2,1.0,1.0,0.0020437360000045146,,178,13
Wine,9,FullP,1.0,1.0,0.0041589599999980464,0.0,178,13
Wine,9,APG_AMS,1.0,1.0,0.001562559999996438,80.0,178,13
Wine,9,NCA,1.0,1.0,0.007641868999996859,,178,13
Wine,9,LMNN,1.0,1.0,0.13053712399999995,,178,13
Wine,10,L2,1.0,1.0,0.002051907999998548,,178,13
Wine,10,FullP,1.0,1.0,0.004156456000004027,0.0,178,13
Wine,10,APG_AMS,1.0,1.0,0.0015556189999870185,80.0,178,13
Wine,10,NCA,1.0,1.0,0.007253002000012998,,178,13
Wine,10,LMNN,1.0,1.0,0.1329654110000007,,178,13
BreastCancer,1,L2,0.9649122807017544,0.9649122807017544,0.029720534000006182,,569,30
BreastCancer,1,FullP,1.0,1.0,0.026282984000005172,0.0,569,30
BreastCancer,1,APG_AMS,0.9649122807017544,0.9649122807017544,0.00675429899999358,74.3859649122807,569,30
BreastCancer,1,NCA,1.0,1.0,0.48637232000000097,,569,30
BreastCancer,1,LMNN,0.9824561403508771,0.9823756902902523,0.39822385700000495,,569,30
BreastCancer,2,L2,0.9824561403508771,0.9823756902902523,0.0037444529999959286,,569,30
BreastCancer,2,FullP,0.9824561403508771,0.9823756902902523,0.0319669560000051,0.0,569,30
BreastCancer,2,APG_AMS,0.9824561403508771,0.9823756902902523,0.010729720999989922,67.36842105263158,569,30
BreastCancer,2,NCA,0.9824561403508771,0.9823756902902523,0.46460797899999307,,569,30
BreastCancer,2,LMNN,0.9824561403508771,0.9823756902902523,0.4017640029999967,,569,30
BreastCancer,3,L2,0.9649122807017544,0.9645092460881936,0.004171047999989241,,569,30
BreastCancer,3,FullP,0.9649122807017544,0.9645092460881936,0.03208401199999855,0.0,569,30
BreastCancer,3,APG_AMS,0.9649122807017544,0.9645092460881936,0.008359201000004646,74.3859649122807,569,30
BreastCancer,3,NCA,0.9649122807017544,0.9649122807017544,0.4528086530000053,,569,30
BreastCancer,3,LMNN,0.9649122807017544,0.9645092460881936,0.4378488159999989,,569,30
BreastCancer,4,L2,0.9298245614035088,0.92797783933518,0.004128334000000677,,569,30
BreastCancer,4,FullP,0.9298245614035088,0.92797783933518,0.0318611360000034,0.0,569,30
BreastCancer,4,APG_AMS,0.9298245614035088,0.92797783933518,0.008772555999996712,72.98245614035088,569,30
BreastCancer,4,NCA,0.9473684210526315,0.9463967611336033,0.6825359019999837,,569,30
BreastCancer,4,LMNN,0.9298245614035088,0.92797783933518,0.42462119399999665,,569,30
BreastCancer,5,L2,0.9473684210526315,0.947087062795646,0.003530871999998908,,569,30
BreastCancer,5,FullP,0.9473684210526315,0.947087062795646,0.0320348079999917,0.0,569,30
BreastCancer,5,APG_AMS,0.9473684210526315,0.947087062795646,0.01029374199998756,68.7719298245614,569,30
BreastCancer,5,NCA,0.9649122807017544,0.9649122807017544,0.4769965249999757,,569,30
BreastCancer,5,LMNN,0.9473684210526315,0.947087062795646,0.35989886200002275,,569,30
BreastCancer,6,L2,0.9473684210526315,0.9463967611336033,0.003910425000015039,,569,30
BreastCancer,6,FullP,0.9473684210526315,0.9463967611336033,0.031995198000004166,0.0,569,30
BreastCancer,6,APG_AMS,0.9473684210526315,0.9463967611336033,0.010289255999992974,68.7719298245614,569,30
BreastCancer,6,NCA,0.9649122807017544,0.9645092460881936,0.29192193500000485,,569,30
BreastCancer,6,LMNN,0.9473684210526315,0.9463967611336033,0.4738958270000069,,569,30
BreastCancer,7,L2,1.0,1.0,0.0039539590000003955,,569,30
BreastCancer,7,FullP,1.0,1.0,0.03507112599999118,0.0,569,30
BreastCancer,7,APG_AMS,1.0,1.0,0.011204203999994888,70.17543859649122,569,30
BreastCancer,7,NCA,1.0,1.0,1.206913936999996,,569,30
BreastCancer,7,LMNN,0.9824561403508771,0.9823623542652152,0.4628069679999953,,569,30
BreastCancer,8,L2,0.9824561403508771,0.982536590411502,0.004184077000019215,,569,30
BreastCancer,8,FullP,0.9649122807017544,0.9652084757347915,0.032042283000009775,0.0,569,30
BreastCancer,8,APG_AMS,0.9649122807017544,0.9652084757347915,0.010245878000006314,68.7719298245614,569,30
BreastCancer,8,NCA,0.9649122807017544,0.9652084757347915,0.6611442019999743,,569,30
BreastCancer,8,LMNN,0.9824561403508771,0.982536590411502,0.4878435100000047,,569,30
BreastCancer,9,L2,0.9473684210526315,0.9463967611336033,0.030853638999985833,,569,30
BreastCancer,9,FullP,0.9649122807017544,0.9645092460881936,0.0258927799999924,0.0,569,30
BreastCancer,9,APG_AMS,0.9473684210526315,0.9463967611336033,0.00704322299998239,72.98245614035088,569,30
BreastCancer,9,NCA,0.9824561403508771,0.9823623542652152,0.8191118320000044,,569,30
BreastCancer,9,LMNN,0.9473684210526315,0.9463967611336033,0.41474114900000814,,569,30
BreastCancer,10,L2,0.9821428571428571,0.982050841635177,0.0026081180000119275,,569,30
BreastCancer,10,FullP,0.9642857142857143,0.9638888888888888,0.032081903999994665,0.0,569,30
BreastCancer,10,APG_AMS,0.9821428571428571,0.982050841635177,0.011654504000006227,64.28571428571428,569,30
BreastCancer,10,NCA,0.9642857142857143,0.9638888888888888,0.3741113270000085,,569,30
BreastCancer,10,LMNN,0.9642857142857143,0.9638888888888888,0.37300254299998414,,569,30
Digits,1,L2,0.9833333333333333,0.9833242333242332,0.00636257499999715,,1797,64
Digits,1,FullP,0.9833333333333333,0.9833333333333332,0.663837878999999,0.0,1797,64
Digits,1,APG_AMS,0.9833333333333333,0.9833333333333332,0.3327560030000143,41.77777777777778,1797,64
Digits,1,NCA,0.9722222222222222,0.97218782249742,0.9070171809999863,,1797,64
Digits,1,LMNN,0.9833333333333333,0.9833290433290434,2.171054589999983,,1797,64
Digits,2,L2,0.9833333333333333,0.9833290433290433,0.024588282999985722,,1797,64
Digits,2,FullP,0.9833333333333333,0.9833290433290433,0.6386080709999931,0.0,1797,64
Digits,2,APG_AMS,0.9833333333333333,0.9833290433290433,0.31866750000000366,43.111111111111114,1797,64
Digits,2,NCA,0.9888888888888889,0.988712681653858,1.255827790000012,,1797,64
Digits,2,LMNN,0.9833333333333333,0.9834712908397117,2.2353391620000025,,1797,64
Digits,3,L2,0.9666666666666667,0.9664857294269059,0.02395711500000175,,1797,64
Digits,3,FullP,0.9722222222222222,0.9720364749776513,0.6421425769999871,0.0,1797,64
Digits,3,APG_AMS,0.9666666666666667,0.9664857294269059,0.3094043039999974,44.44444444444444,1797,64
Digits,3,NCA,0.9722222222222222,0.9722136422136421,1.0658108860000084,,1797,64
Digits,3,LMNN,0.9833333333333333,0.9833290433290433,2.1136202360000027,,1797,64
Digits,4,L2,0.9722222222222222,0.9721916367994798,0.007092405999998164,,1797,64
Digits,4,FullP,0.9777777777777777,0.9777510423588853,0.6517836969999848,0.0,1797,64
Digits,4,APG_AMS,0.9722222222222222,0.9721916367994798,0.32440003700000375,42.22222222222223,1797,64
Digits,4,NCA,0.9888888888888889,0.9887165316577081,0.7209446889999924,,1797,64
Digits,4,LMNN,0.9888888888888889,0.9890388007054673,2.166002705000011,,1797,64
Digits,5,L2,0.9833333333333333,0.9833290433290434,0.03480514200001039,,1797,64
Digits,5,FullP,0.9888888888888889,0.988880308880309,0.6429234320000035,0.0,1797,64
Digits,5,APG_AMS,0.9777777777777777,0.9777691977691979,0.299645857999991,45.77777777777777,1797,64
Digits,5,NCA,0.9833333333333333,0.9833247533247533,1.2284455520000108,,1797,64
Digits,5,LMNN,0.9833333333333333,0.9833247533247533,2.108933185000012,,1797,64
Digits,6,L2,0.9722222222222222,0.9723214899995085,0.004059339000008322,,1797,64
Digits,6,FullP,0.9722222222222222,0.9723214899995085,0.6547519579999914,0.0,1797,64
Digits,6,APG_AMS,0.9722222222222222,0.9723214899995085,0.3004909649999945,45.77777777777777,1797,64
Digits,6,NCA,0.9611111111111111,0.9611743741155504,1.4199823840000079,,1797,64
Digits,6,LMNN,0.9555555555555556,0.955971295971296,2.1179372489999935,,1797,64
Digits,7,L2,0.9722222222222222,0.9720506220506222,0.006828019000010954,,1797,64
Digits,7,FullP,0.9777777777777777,0.9776104676104677,0.6535100929999942,0.0,1797,64
Digits,7,APG_AMS,0.9722222222222222,0.9720506220506222,0.29722916900001906,46.22222222222222,1797,64
Digits,7,NCA,0.9722222222222222,0.9720412849824616,1.940148124000018,,1797,64
Digits,7,LMNN,0.9833333333333333,0.9831703131703132,2.205586113999999,,1797,64
Digits,8,L2,0.9776536312849162,0.9776319809839362,0.015251345999985233,,1797,64
Digits,8,FullP,0.9832402234636871,0.9832185731627072,0.6392404320000082,0.0,1797,64
Digits,8,APG_AMS,0.9776536312849162,0.9776319809839362,0.3024018460000093,45.13966480446927,1797,64
Digits,8,NCA,0.9832402234636871,0.9832310726165474,0.9179121559999999,,1797,64
Digits,8,LMNN,0.9832402234636871,0.9832310726165474,2.1657702919999906,,1797,64
Digits,9,L2,0.9608938547486033,0.9603931153060301,0.007120330000020658,,1797,64
Digits,9,FullP,0.9664804469273743,0.9659703182542486,0.6696692689999963,0.0,1797,64
Digits,9,APG_AMS,0.9608938547486033,0.9603931153060301,0.3057649149999975,44.6927374301676,1797,64
Digits,9,NCA,0.9720670391061452,0.9720288140752711,1.4018288949999942,,1797,64
Digits,9,LMNN,0.9608938547486033,0.960375779287172,2.0553484680000054,,1797,64
Digits,10,L2,0.9720670391061452,0.9726132221243953,0.007484185999999227,,1797,64
Digits,10,FullP,0.9720670391061452,0.9726132221243953,0.646874677999989,0.0,1797,64
Digits,10,APG_AMS,0.9720670391061452,0.9726132221243953,0.30284105100000147,45.13966480446927,1797,64
Digits,10,NCA,0.9832402234636871,0.9833459484297474,1.0002369350000038,,1797,64
Digits,10,LMNN,0.9720670391061452,0.9726132221243953,2.093024258000014,,1797,64
Synthetic20D,1,L2,0.84,0.84,0.002718633999990061,,1000,20
Synthetic20D,1,FullP,0.88,0.879951980792317,0.07096667599998341,0.0,1000,20
Synthetic20D,1,APG_AMS,0.84,0.84,0.01683271199999581,75.2,1000,20
Synthetic20D,1,NCA,0.91,0.90999099909991,0.8124089679999997,,1000,20
Synthetic20D,1,LMNN,0.83,0.8298468621759583,1.1732423960000062,,1000,20
Synthetic20D,2,L2,0.75,0.7493734335839599,0.004334574000012026,,1000,20
Synthetic20D,2,FullP,0.78,0.7796474358974359,0.07122183100000257,0.0,1000,20
Synthetic20D,2,APG_AMS,0.75,0.7493734335839599,0.01649805700000684,74.4,1000,20
Synthetic20D,2,NCA,0.94,0.9399038461538461,0.9475374920000093,,1000,20
Synthetic20D,2,LMNN,0.77,0.7694235588972432,1.1588324930000056,,1000,20
Synthetic20D,3,L2,0.82,0.8197115384615384,0.003869611999988365,,1000,20
Synthetic20D,3,FullP,0.83,0.8295739348370926,0.07070898700001749,0.0,1000,20
Synthetic20D,3,APG_AMS,0.82,0.8197115384615384,0.019031251000001248,70.39999999999999,1000,20
Synthetic20D,3,NCA,0.87,0.8696741854636592,0.8974976979999951,,1000,20
Synthetic20D,3,LMNN,0.85,0.8496240601503758,1.1770042850000095,,1000,20
Synthetic20D,4,L2,0.84,0.8397435897435898,0.0027430610000180877,,1000,20
Synthetic20D,4,FullP,0.86,0.86,0.07085601899999006,0.0,1000,20
Synthetic20D,4,APG_AMS,0.83,0.8298468621759583,0.02040178999999398,68.8,1000,20
Synthetic20D,4,NCA,0.88,0.879951980792317,0.9219861920000199,,1000,20
Synthetic20D,4,LMNN,0.88,0.8795664391810518,1.178866338000006,,1000,20
Synthetic20D,5,L2,0.91,0.9097744360902256,0.0038861559999929796,,1000,20
Synthetic20D,5,FullP,0.92,0.9197109594540345,0.07106184799999937,0.0,1000,20
Synthetic20D,5,APG_AMS,0.91,0.9097744360902256,0.016507488000002013,74.4,1000,20
Synthetic20D,5,NCA,0.98,0.98,1.0076566969999874,,1000,20
Synthetic20D,5,LMNN,0.94,0.9399038461538461,1.216049346999995,,1000,20
Synthetic20D,6,L2,0.88,0.879951980792317,0.003638342000016337,,1000,20
Synthetic20D,6,FullP,0.89,0.8899889988998899,0.07172833499998887,0.0,1000,20
Synthetic20D,6,APG_AMS,0.88,0.879951980792317,0.016844668000004503,73.6,1000,20
Synthetic20D,6,NCA,0.95,0.94999499949995,0.7707930920000194,,1000,20
Synthetic20D,6,LMNN,0.83,0.82998299829983,1.162993704999991,,1000,20
Synthetic20D,7,L2,0.88,0.88,0.0036631290000173067,,1000,20
Synthetic20D,7,FullP,0.89,0.8899009108197379,0.07159480299998222,0.0,1000,20
Synthetic20D,7,APG_AMS,0.89,0.8899889988998899,0.018462108999983684,71.2,1000,20
Synthetic20D,7,NCA,0.93,0.92999299929993,0.8451963760000183,,1000,20
Synthetic20D,7,LMNN,0.91,0.90999099909991,1.156768306999993,,1000,20
Synthetic20D,8,L2,0.84,0.839935974389756,0.003033327999986568,,1000,20
Synthetic20D,8,FullP,0.83,0.82998299829983,0.07119497900001193,0.0,1000,20
Synthetic20D,8,APG_AMS,0.84,0.839935974389756,0.016521991000018943,74.4,1000,20
Synthetic20D,8,NCA,0.9,0.8999599839935974,0.9535073770000224,,1000,20
Synthetic20D,8,LMNN,0.86,0.8594941790445604,1.178970066000005,,1000,20
Synthetic20D,9,L2,0.84,0.8394219189080689,0.003762049000016532,,1000,20
Synthetic20D,9,FullP,0.86,0.859775641025641,0.07131906099999696,0.0,1000,20
Synthetic20D,9,APG_AMS,0.84,0.8394219189080689,0.0197114580000175,68.0,1000,20
Synthetic20D,9,NCA,0.91,0.909918927034331,0.6957128810000199,,1000,20
Synthetic20D,9,LMNN,0.89,0.8897243107769424,1.187428266000012,,1000,20
Synthetic20D,10,L2,0.85,0.8499549954995499,0.0026268060000234073,,1000,20
Synthetic20D,10,FullP,0.86,0.86,0.07044048400001657,0.0,1000,20
Synthetic20D,10,APG_AMS,0.85,0.8499549954995499,0.017898680999991257,72.8,1000,20
Synthetic20D,10,NCA,0.89,0.88996699669967,0.581928199999993,,1000,20
Synthetic20D,10,LMNN,0.86,0.8598879551820728,1.1798575260000064,,1000,20
Synthetic50D,1,L2,0.87,0.869542759521656,0.002674538000007942,,1000,50
Synthetic50D,1,FullP,0.87,0.8699609648683816,0.1093238759999906,0.0,1000,50
Synthetic50D,1,APG_AMS,0.86,0.8598878205128204,0.06056933200000003,34.4,1000,50
Synthetic50D,1,NCA,0.91,0.91000900090009,1.3606743360000166,,1000,50
Synthetic50D,1,LMNN,0.87,0.8698045112781955,1.4687192860000096,,1000,50
Synthetic50D,2,L2,0.74,0.7390606182256123,0.041731451999993396,,1000,50
Synthetic50D,2,FullP,0.77,0.7697928135321789,0.0939755640000044,0.0,1000,50
Synthetic50D,2,APG_AMS,0.75,0.7497747973175859,0.05726919899998961,38.4,1000,50
Synthetic50D,2,NCA,0.82,0.8199279711884754,1.4246410420000188,,1000,50
Synthetic50D,2,LMNN,0.82,0.8197115384615384,1.3824568070000112,,1000,50
Synthetic50D,3,L2,0.76,0.7575757575757575,0.0027177030000018476,,1000,50
Synthetic50D,3,FullP,0.83,0.8295739348370926,0.111485488999989,0.0,1000,50
Synthetic50D,3,APG_AMS,0.8,0.7987117552334944,0.05446770899999365,40.0,1000,50
Synthetic50D,3,NCA,0.87,0.8699869986998701,1.3566261599999905,,1000,50
Synthetic50D,3,LMNN,0.82,0.8193496587715776,1.3651219559999959,,1000,50
Synthetic50D,4,L2,0.91,0.9095568284594512,0.0027512739999906444,,1000,50
Synthetic50D,4,FullP,0.92,0.9197109594540345,0.11149158800000691,0.0,1000,50
Synthetic50D,4,APG_AMS,0.92,0.9197109594540345,0.0536474409999812,41.6,1000,50
Synthetic50D,4,NCA,0.95,0.949954959463517,1.2410173260000192,,1000,50
Synthetic50D,4,LMNN,0.93,0.9299369432489241,1.4223487890000115,,1000,50
Synthetic50D,5,L2,0.84,0.84,0.0027633410000191816,,1000,50
Synthetic50D,5,FullP,0.83,0.82998299829983,0.11088376999998673,0.0,1000,50
Synthetic50D,5,APG_AMS,0.83,0.82998299829983,0.056859255000006215,37.6,1000,50
Synthetic50D,5,NCA,0.89,0.8899889988998899,1.1314391349999937,,1000,50
Synthetic50D,5,LMNN,0.86,0.86,1.3678557769999884,,1000,50
Synthetic50D,6,L2,0.82,0.8197115384615384,0.0032642070000008516,,1000,50
Synthetic50D,6,FullP,0.81,0.8098288459613653,0.11137940800000479,0.0,1000,50
Synthetic50D,6,APG_AMS,0.82,0.8197115384615384,0.05508224199999745,39.2,1000,50
Synthetic50D,6,NCA,0.85,0.8492613807657523,2.5375700310000013,,1000,50
Synthetic50D,6,LMNN,0.88,0.879951980792317,1.401425536000005,,1000,50
Synthetic50D,7,L2,0.81,0.8090644156366192,0.05387990700000955,,1000,50
Synthetic50D,7,FullP,0.81,0.8095238095238095,0.09450301000001105,0.0,1000,50
Synthetic50D,7,APG_AMS,0.81,0.8095238095238095,0.0637334080000187,31.200000000000006,1000,50
Synthetic50D,7,NCA,0.87,0.8698828946051447,0.9849404250000191,,1000,50
Synthetic50D,7,LMNN,0.82,0.8197115384615384,1.4529373160000034,,1000,50
Synthetic50D,8,L2,0.82,0.82,0.03585274700000696,,1000,50
Synthetic50D,8,FullP,0.82,0.8197115384615384,0.0949780379999936,0.0,1000,50
Synthetic50D,8,APG_AMS,0.82,0.8199279711884754,0.05907706799999346,36.0,1000,50
Synthetic50D,8,NCA,0.88,0.88,1.5432289029999993,,1000,50
Synthetic50D,8,LMNN,0.86,0.859775641025641,1.404959023999993,,1000,50
Synthetic50D,9,L2,0.81,0.8084484323016434,0.002743953000020838,,1000,50
Synthetic50D,9,FullP,0.81,0.8084484323016434,0.1113503549999848,0.0,1000,50
Synthetic50D,9,APG_AMS,0.83,0.8279178054458953,0.05694920599998454,37.6,1000,50
Synthetic50D,9,NCA,0.87,0.8699869986998701,0.9609578390000024,,1000,50
Synthetic50D,9,LMNN,0.82,0.8193496587715776,1.4039722779999977,,1000,50
Synthetic50D,10,L2,0.74,0.7383252818035427,0.002800077000017609,,1000,50
Synthetic50D,10,FullP,0.78,0.7792051384985951,0.11151745799998025,0.0,1000,50
Synthetic50D,10,APG_AMS,0.76,0.7584541062801933,0.05763762499998393,36.8,1000,50
Synthetic50D,10,NCA,0.86,0.8599439775910364,1.5265985230000183,,1000,50
Synthetic50D,10,LMNN,0.8,0.7987117552334944,1.4568459399999938,,1000,50
TwoMoons,1,L2,0.98,0.9799919967987194,0.0064866019999954005,,1000,2
TwoMoons,1,FullP,0.98,0.9799919967987194,0.03994585899999947,0.0,1000,2
TwoMoons,1,APG_AMS,0.98,0.9799919967987194,0.00810904100001153,80.0,1000,2
TwoMoons,1,NCA,0.99,0.98999899989999,1.3624585539999998,,1000,2
TwoMoons,1,LMNN,0.98,0.9799919967987194,3.0662129700000094,,1000,2
TwoMoons,2,L2,0.98,0.9799919967987194,0.0025660940000022947,,1000,2
TwoMoons,2,FullP,0.98,0.9799919967987194,0.03434953100000371,0.0,1000,2
TwoMoons,2,APG_AMS,0.98,0.9799919967987194,0.008216372999982013,80.0,1000,2
TwoMoons,2,NCA,0.99,0.98999899989999,0.8826544539999759,,1000,2
TwoMoons,2,LMNN,0.98,0.9799919967987194,3.0498165669999935,,1000,2
TwoMoons,3,L2,0.97,0.96999699969997,0.0032715189999805716,,1000,2
TwoMoons,3,FullP,0.97,0.96999699969997,0.035070719999993116,0.0,1000,2
TwoMoons,3,APG_AMS,0.97,0.96999699969997,0.008183021999997209,80.0,1000,2
TwoMoons,3,NCA,0.97,0.96999699969997,0.38957424299999843,,1000,2
TwoMoons,3,LMNN,0.97,0.96999699969997,3.0237522430000183,,1000,2
TwoMoons,4,L2,0.97,0.96999699969997,0.0026007559999925434,,1000,2
TwoMoons,4,FullP,0.97,0.96999699969997,0.03473938900000917,0.0,1000,2
TwoMoons,4,APG_AMS,0.97,0.96999699969997,0.008098705000008977,80.0,1000,2
TwoMoons,4,NCA,0.97,0.96999699969997,0.49371291100001713,,1000,2
TwoMoons,4,LMNN,0.97,0.96999699969997,2.9636085779999917,,1000,2
TwoMoons,5,L2,0.99,0.98999899989999,0.0025422670000239123,,1000,2
TwoMoons,5,FullP,0.99,0.98999899989999,0.03450765099998421,0.0,1000,2
TwoMoons,5,APG_AMS,0.99,0.98999899989999,0.00814168800002335,80.0,1000,2
TwoMoons,5,NCA,0.99,0.98999899989999,0.7951756200000091,,1000,2
TwoMoons,5,LMNN,0.99,0.98999899989999,3.0049825090000013,,1000,2
TwoMoons,6,L2,0.97,0.96999699969997,0.0025306999999941127,,1000,2
TwoMoons,6,FullP,0.97,0.96999699969997,0.03459380099999976,0.0,1000,2
TwoMoons,6,APG_AMS,0.97,0.96999699969997,0.008220726999979888,80.0,1000,2
TwoMoons,6,NCA,0.95,0.94999499949995,0.9095318729999917,,1000,2
TwoMoons,6,LMNN,0.97,0.96999699969997,2.86025415200001,,1000,2
TwoMoons,7,L2,0.99,0.98999899989999,0.0025630989999854137,,1000,2
TwoMoons,7,FullP,0.99,0.98999899989999,0.034864278999975795,0.0,1000,2
TwoMoons,7,APG_AMS,0.99,0.98999899989999,0.008231512999998358,80.0,1000,2
TwoMoons,7,NCA,0.99,0.98999899989999,0.5911350350000077,,1000,2
TwoMoons,7,LMNN,0.99,0.98999899989999,3.02707958900001,,1000,2
TwoMoons,8,L2,0.94,0.9399759903961583,0.0027941069999997126,,1000,2
TwoMoons,8,FullP,0.94,0.9399759903961583,0.034886051999990286,0.0,1000,2
TwoMoons,8,APG_AMS,0.94,0.9399759903961583,0.008194286999980704,80.0,1000,2
TwoMoons,8,NCA,0.95,0.94999499949995,0.7957768320000014,,1000,2
TwoMoons,8,LMNN,0.94,0.9399759903961583,2.930366676999995,,1000,2
TwoMoons,9,L2,0.98,0.98,0.0026138650000007146,,1000,2
TwoMoons,9,FullP,0.98,0.98,0.03461163000002898,0.0,1000,2
TwoMoons,9,APG_AMS,0.98,0.98,0.008130463999975746,80.0,1000,2
TwoMoons,9,NCA,0.98,0.98,1.0114800939999782,,1000,2
TwoMoons,9,LMNN,0.98,0.98,3.0256666820000078,,1000,2
TwoMoons,10,L2,0.96,0.959983993597439,0.0026792150000005677,,1000,2
TwoMoons,10,FullP,0.96,0.959983993597439,0.03472625199998447,0.0,1000,2
TwoMoons,10,APG_AMS,0.96,0.959983993597439,0.008125606000021435,80.0,1000,2
TwoMoons,10,NCA,0.97,0.9699729756781104,1.1904055629999561,,1000,2
TwoMoons,10,LMNN,0.95,0.949954959463517,2.9284060640000007,,1000,2
ConcentricCircles,1,L2,1.0,1.0,0.00258172700000614,,1000,2
ConcentricCircles,1,FullP,1.0,1.0,0.034775701000000936,0.0,1000,2
ConcentricCircles,1,APG_AMS,1.0,1.0,0.008231464999994387,80.0,1000,2
ConcentricCircles,1,NCA,1.0,1.0,0.42330641499995636,,1000,2
ConcentricCircles,1,LMNN,1.0,1.0,2.758822178999992,,1000,2
ConcentricCircles,2,L2,1.0,1.0,0.0025455719999740722,,1000,2
ConcentricCircles,2,FullP,1.0,1.0,0.03465928499997517,0.0,1000,2
ConcentricCircles,2,APG_AMS,1.0,1.0,0.008090232000029118,80.0,1000,2
ConcentricCircles,2,NCA,1.0,1.0,0.9248537340000098,,1000,2
ConcentricCircles,2,LMNN,1.0,1.0,2.761406340999997,,1000,2
ConcentricCircles,3,L2,1.0,1.0,0.002595568000003823,,1000,2
ConcentricCircles,3,FullP,1.0,1.0,0.03488341700000319,0.0,1000,2
ConcentricCircles,3,APG_AMS,1.0,1.0,0.00816367300001275,80.0,1000,2
ConcentricCircles,3,NCA,1.0,1.0,0.4828667520000067,,1000,2
ConcentricCircles,3,LMNN,1.0,1.0,2.752540849000013,,1000,2
ConcentricCircles,4,L2,1.0,1.0,0.002614897999990262,,1000,2
ConcentricCircles,4,FullP,1.0,1.0,0.03454066900002317,0.0,1000,2
ConcentricCircles,4,APG_AMS,1.0,1.0,0.008094568999979401,80.0,1000,2
ConcentricCircles,4,NCA,1.0,1.0,0.4542092730000036,,1000,2
ConcentricCircles,4,LMNN,1.0,1.0,2.8068847819999974,,1000,2
ConcentricCircles,5,L2,1.0,1.0,0.0026888180000241846,,1000,2
ConcentricCircles,5,FullP,1.0,1.0,0.034754382000016903,0.0,1000,2
ConcentricCircles,5,APG_AMS,1.0,1.0,0.008199036000007709,80.0,1000,2
ConcentricCircles,5,NCA,1.0,1.0,0.4827336619999869,,1000,2
ConcentricCircles,5,LMNN,1.0,1.0,2.754660813999976,,1000,2
ConcentricCircles,6,L2,1.0,1.0,0.002588187000014841,,1000,2
ConcentricCircles,6,FullP,1.0,1.0,0.034673431999976856,0.0,1000,2
ConcentricCircles,6,APG_AMS,1.0,1.0,0.008128300000009858,80.0,1000,2
ConcentricCircles,6,NCA,1.0,1.0,0.45561603400000195,,1000,2
ConcentricCircles,6,LMNN,1.0,1.0,2.7817455250000194,,1000,2
ConcentricCircles,7,L2,1.0,1.0,0.00258126699998229,,1000,2
ConcentricCircles,7,FullP,1.0,1.0,0.034989228000029016,0.0,1000,2
ConcentricCircles,7,APG_AMS,1.0,1.0,0.008228981999991447,80.0,1000,2
ConcentricCircles,7,NCA,1.0,1.0,0.38223846199997524,,1000,2
ConcentricCircles,7,LMNN,1.0,1.0,2.6942779160000327,,1000,2
ConcentricCircles,8,L2,1.0,1.0,0.0026419779999855564,,1000,2
ConcentricCircles,8,FullP,1.0,1.0,0.03466551200000367,0.0,1000,2
ConcentricCircles,8,APG_AMS,1.0,1.0,0.008125243999984377,80.0,1000,2
ConcentricCircles,8,NCA,1.0,1.0,0.543330936000018,,1000,2
ConcentricCircles,8,LMNN,1.0,1.0,2.73391063400004,,1000,2
ConcentricCircles,9,L2,1.0,1.0,0.00253632899995182,,1000,2
ConcentricCircles,9,FullP,1.0,1.0,0.03501264600004106,0.0,1000,2
ConcentricCircles,9,APG_AMS,1.0,1.0,0.008241219000012734,80.0,1000,2
ConcentricCircles,9,NCA,1.0,1.0,0.5921488039999758,,1000,2
ConcentricCircles,9,LMNN,1.0,1.0,2.7391395249999846,,1000,2
ConcentricCircles,10,L2,1.0,1.0,0.0026230000000282416,,1000,2
ConcentricCircles,10,FullP,1.0,1.0,0.03483127700002342,0.0,1000,2
ConcentricCircles,10,APG_AMS,1.0,1.0,0.008197354000003543,80.0,1000,2
ConcentricCircles,10,NCA,1.0,1.0,0.5982037109999965,,1000,2
ConcentricCircles,10,LMNN,1.0,1.0,2.7698902180000005,,1000,2
Ionosphere,1,L2,0.8888888888888888,0.8832323232323233,0.0016732650000221838,,351,34
Ionosphere,1,FullP,0.9444444444444444,0.9432870370370371,0.014775643999996646,0.0,351,34
Ionosphere,1,APG_AMS,0.8888888888888888,0.8832323232323233,0.005967057000020759,62.22222222222222,351,34
Ionosphere,1,NCA,0.8888888888888888,0.8832323232323233,0.6074343740000359,,351,34
Ionosphere,1,LMNN,0.8888888888888888,0.8832323232323233,0.6807146699999862,,351,34
Ionosphere,2,L2,0.8285714285714286,0.8098901098901099,0.0015433799999868825,,351,34
Ionosphere,2,FullP,0.8571428571428571,0.8453486657821023,0.014397172999963459,0.0,351,34
Ionosphere,2,APG_AMS,0.8571428571428571,0.8453486657821023,0.0068946069999924475,54.85714285714286,351,34
Ionosphere,2,NCA,0.8857142857142857,0.8788571428571429,0.16993909100000337,,351,34
Ionosphere,2,LMNN,0.8857142857142857,0.8788571428571429,0.7358611430000224,,351,34
Ionosphere,3,L2,0.8,0.7834881320949432,0.0016282880000062505,,351,34
Ionosphere,3,FullP,0.8,0.7834881320949432,0.014695432999985769,0.0,351,34
Ionosphere,3,APG_AMS,0.8,0.7834881320949432,0.006347340999980133,59.42857142857143,351,34
Ionosphere,3,NCA,0.7714285714285715,0.7465201465201465,0.21837880999999015,,351,34
Ionosphere,3,LMNN,0.8,0.7834881320949432,0.7539930419999905,,351,34
Ionosphere,4,L2,0.8857142857142857,0.8788571428571429,0.0020550920000346196,,351,34
Ionosphere,4,FullP,0.8857142857142857,0.8788571428571429,0.016107753999961005,0.0,351,34
Ionosphere,4,APG_AMS,0.8857142857142857,0.8788571428571429,0.007750039000029574,50.28571428571429,351,34
Ionosphere,4,NCA,0.8571428571428571,0.8453486657821023,0.608679774000052,,351,34
Ionosphere,4,LMNN,0.8857142857142857,0.8788571428571429,0.6806335550000426,,351,34
Ionosphere,5,L2,0.8,0.7720310765815761,0.0020693529999675775,,351,34
Ionosphere,5,FullP,0.8285714285714286,0.8098901098901099,0.016234408999991956,0.0,351,34
Ionosphere,5,APG_AMS,0.8,0.7720310765815761,0.005130070999996406,66.28571428571428,351,34
Ionosphere,5,NCA,0.8,0.7720310765815761,0.26723838599997407,,351,34
Ionosphere,5,LMNN,0.8285714285714286,0.8098901098901099,0.6828101090000018,,351,34
Ionosphere,6,L2,0.8285714285714286,0.82012987012987,0.0019764420000001337,,351,34
Ionosphere,6,FullP,0.8285714285714286,0.82012987012987,0.015910851000001003,0.0,351,34
Ionosphere,6,APG_AMS,0.8285714285714286,0.82012987012987,0.005992093000031673,61.71428571428572,351,34
Ionosphere,6,NCA,0.8857142857142857,0.88008658008658,0.3433684219999691,,351,34
Ionosphere,6,LMNN,0.8571428571428571,0.847424684159378,0.7167553049999924,,351,34
Ionosphere,7,L2,0.8,0.7863945578231293,0.0019936580000035065,,351,34
Ionosphere,7,FullP,0.8,0.7863945578231293,0.016025945000023967,0.0,351,34
Ionosphere,7,APG_AMS,0.8,0.7863945578231293,0.006841764000000694,57.14285714285714,351,34
Ionosphere,7,NCA,0.8285714285714286,0.8131428571428572,0.2769368819999727,,351,34
Ionosphere,7,LMNN,0.8,0.7863945578231293,0.6506995720000077,,351,34
Ionosphere,8,L2,0.9142857142857143,0.9114312144839434,0.0021667199999910736,,351,34
Ionosphere,8,FullP,0.9428571428571428,0.9417184265010352,0.01620776800001522,0.0,351,34
Ionosphere,8,APG_AMS,0.9428571428571428,0.9417184265010352,0.006459348000021237,59.42857142857143,351,34
Ionosphere,8,NCA,0.9142857142857143,0.9114312144839434,0.1897534139999948,,351,34
Ionosphere,8,LMNN,0.9428571428571428,0.9417184265010352,0.7101701569999932,,351,34
Ionosphere,9,L2,0.8285714285714286,0.82012987012987,0.0019599180000113847,,351,34
Ionosphere,9,FullP,0.8285714285714286,0.82012987012987,0.01602041600000348,0.0,351,34
Ionosphere,9,APG_AMS,0.8285714285714286,0.82012987012987,0.006899952000026133,54.85714285714286,351,34
Ionosphere,9,NCA,0.8571428571428571,0.8523853574732391,0.4641941090000046,,351,34
Ionosphere,9,LMNN,0.8285714285714286,0.82012987012987,0.6310023870000236,,351,34
Ionosphere,10,L2,0.8,0.7863945578231293,0.0019378540000047906,,351,34
Ionosphere,10,FullP,0.8285714285714286,0.82012987012987,0.016163651999988815,0.0,351,34
Ionosphere,10,APG_AMS,0.8,0.7863945578231293,0.006843897999999626,54.85714285714286,351,34
Ionosphere,10,NCA,0.7714285714285715,0.7508571428571429,0.33653362799998376,,351,34
Ionosphere,10,LMNN,0.8,0.7863945578231293,0.6536261869999862,,351,34
Sonar,1,L2,0.9047619047619048,0.9034391534391534,0.0018684300000018084,,208,60
Sonar,1,FullP,0.8571428571428571,0.853109243697479,0.009401597999953992,0.0,208,60
Sonar,1,APG_AMS,0.9047619047619048,0.9034391534391534,0.004218044999959147,72.38095238095238,208,60
Sonar,1,NCA,0.9523809523809523,0.9521630162362427,0.1537610789999917,,208,60
Sonar,1,LMNN,0.9047619047619048,0.9034391534391534,0.28898075699999026,,208,60
Sonar,2,L2,0.7142857142857143,0.7005494505494505,0.0013802530000361912,,208,60
Sonar,2,FullP,0.7619047619047619,0.7551820728291316,0.00763653400002795,0.0,208,60
Sonar,2,APG_AMS,0.7142857142857143,0.7005494505494505,0.003747284999974454,57.14285714285714,208,60
Sonar,2,NCA,0.8571428571428571,0.853109243697479,0.10387933299995211,,208,60
Sonar,2,LMNN,0.7619047619047619,0.7551820728291316,0.25908834599999864,,208,60
Sonar,3,L2,0.6190476190476191,0.6007326007326007,0.0014288059999785219,,208,60
Sonar,3,FullP,0.6190476190476191,0.6007326007326007,0.007471545000043989,0.0,208,60
Sonar,3,APG_AMS,0.6190476190476191,0.6007326007326007,0.0025843699999654746,72.38095238095238,208,60
Sonar,3,NCA,0.7619047619047619,0.760815081181214,0.10508946900000637,,208,60
Sonar,3,LMNN,0.6190476190476191,0.6007326007326007,0.2678913010000201,,208,60
Sonar,4,L2,1.0,1.0,0.0014333230000147523,,208,60
Sonar,4,FullP,1.0,1.0,0.007503853999992316,0.0,208,60
Sonar,4,APG_AMS,1.0,1.0,0.0029123950000098375,68.57142857142857,208,60
Sonar,4,NCA,0.9523809523809523,0.9523809523809523,0.04475048300002982,,208,60
Sonar,4,LMNN,1.0,1.0,0.2980356909999955,,208,60
Sonar,5,L2,0.7142857142857143,0.7103174603174602,0.0014022259999819653,,208,60
Sonar,5,FullP,0.6666666666666666,0.6651411136536994,0.0074756309999770565,0.0,208,60
Sonar,5,APG_AMS,0.6666666666666666,0.6651411136536994,0.003403725999987728,60.952380952380956,208,60
Sonar,5,NCA,0.7142857142857143,0.7142857142857143,0.09269618700000137,,208,60
Sonar,5,LMNN,0.6666666666666666,0.6651411136536994,0.2637421320000044,,208,60
Sonar,6,L2,0.9047619047619048,0.9047619047619048,0.0013742250000063905,,208,60
Sonar,6,FullP,0.9523809523809523,0.9523809523809523,0.007431079000014051,0.0,208,60
Sonar,6,APG_AMS,0.9047619047619048,0.9047619047619048,0.002564481000035812,72.38095238095238,208,60
Sonar,6,NCA,0.9047619047619048,0.9047619047619048,0.10461531099997501,,208,60
Sonar,6,LMNN,0.9523809523809523,0.9523809523809523,0.2799610900000289,,208,60
Sonar,7,L2,0.7619047619047619,0.7551820728291316,0.0014591830000085793,,208,60
Sonar,7,FullP,0.8095238095238095,0.806878306878307,0.0075556059999826175,0.0,208,60
Sonar,7,APG_AMS,0.7619047619047619,0.7551820728291316,0.0028664469999739595,68.57142857142857,208,60
Sonar,7,NCA,0.9523809523809523,0.9521630162362427,0.14782876799995393,,208,60
Sonar,7,LMNN,0.8095238095238095,0.806878306878307,0.3136746889999813,,208,60
Sonar,8,L2,0.7619047619047619,0.7366426676771505,0.0014799850000031256,,208,60
Sonar,8,FullP,0.7619047619047619,0.7366426676771505,0.007475033999980951,0.0,208,60
Sonar,8,APG_AMS,0.7619047619047619,0.7366426676771505,0.0020134099999609134,80.0,208,60
Sonar,8,NCA,0.7619047619047619,0.7366426676771505,0.08352104599998711,,208,60
Sonar,8,LMNN,0.7619047619047619,0.7366426676771505,0.2890191639999671,,208,60
Sonar,9,L2,0.7,0.69375,0.0013997030000041377,,208,60
Sonar,9,FullP,0.7,0.69375,0.0077217869999799404,0.0,208,60
Sonar,9,APG_AMS,0.7,0.69375,0.005071176000001287,52.0,208,60
Sonar,9,NCA,0.65,0.6508771929824562,0.15324023699997724,,208,60
Sonar,9,LMNN,0.65,0.6473145780051152,0.2875689649999913,,208,60
Sonar,10,L2,0.9,0.9,0.0014064830000393158,,208,60
Sonar,10,FullP,0.9,0.9,0.007223124999995889,0.0,208,60
Sonar,10,APG_AMS,0.9,0.9,0.0025512520000461336,72.0,208,60
Sonar,10,NCA,0.9,0.9,0.19614237399997592,,208,60
Sonar,10,LMNN,0.9,0.9,0.2669473139999923,,208,60
Banknote,1,L2,1.0,1.0,0.004419831999996404,,1372,4
Banknote,1,FullP,1.0,1.0,0.06429509200000894,0.0,1372,4
Banknote,1,APG_AMS,1.0,1.0,0.015842365999958474,80.0,1372,4
Banknote,1,NCA,1.0,1.0,0.572539216999985,,1372,4
Banknote,1,LMNN,1.0,1.0,1.790239607999979,,1372,4
Banknote,2,L2,1.0,1.0,0.004064475999996375,,1372,4
Banknote,2,FullP,1.0,1.0,0.08350191800002449,0.0,1372,4
Banknote,2,APG_AMS,1.0,1.0,0.013738830000022517,80.0,1372,4
Banknote,2,NCA,1.0,1.0,0.4551767220000329,,1372,4
Banknote,2,LMNN,1.0,1.0,1.7955652320000013,,1372,4
Banknote,3,L2,1.0,1.0,0.005127621000042382,,1372,4
Banknote,3,FullP,1.0,1.0,0.07945723100004898,0.0,1372,4
Banknote,3,APG_AMS,1.0,1.0,0.013934144999950604,80.0,1372,4
Banknote,3,NCA,1.0,1.0,0.7997539180000217,,1372,4
Banknote,3,LMNN,1.0,1.0,1.8081503930000054,,1372,4
Banknote,4,L2,1.0,1.0,0.004077956000003269,,1372,4
Banknote,4,FullP,1.0,1.0,0.07914246799998637,0.0,1372,4
Banknote,4,APG_AMS,1.0,1.0,0.013862377000009474,80.0,1372,4
Banknote,4,NCA,1.0,1.0,0.6779632829999969,,1372,4
Banknote,4,LMNN,1.0,1.0,1.7896467130000246,,1372,4
Banknote,5,L2,1.0,1.0,0.004082904000028975,,1372,4
Banknote,5,FullP,1.0,1.0,0.07829464200000302,0.0,1372,4
Banknote,5,APG_AMS,1.0,1.0,0.013982798999961688,80.0,1372,4
Banknote,5,NCA,1.0,1.0,0.5041814149999482,,1372,4
Banknote,5,LMNN,1.0,1.0,1.7544480480000288,,1372,4
Banknote,6,L2,1.0,1.0,0.004132979000019077,,1372,4
Banknote,6,FullP,1.0,1.0,0.07786274000000049,0.0,1372,4
Banknote,6,APG_AMS,1.0,1.0,0.014038642999992135,80.0,1372,4
Banknote,6,NCA,1.0,1.0,0.5173462779999909,,1372,4
Banknote,6,LMNN,1.0,1.0,1.7682906050000042,,1372,4
Banknote,7,L2,0.9927007299270073,0.9927062319881188,0.0043250379999904,,1372,4
Banknote,7,FullP,0.9927007299270073,0.9927062319881188,0.0777352449999853,0.0,1372,4
Banknote,7,APG_AMS,0.9927007299270073,0.9927062319881188,0.014088486999980887,80.0,1372,4
Banknote,7,NCA,1.0,1.0,0.4962884519999875,,1372,4
Banknote,7,LMNN,0.9927007299270073,0.9927062319881188,1.7547389039999644,,1372,4
Banknote,8,L2,1.0,1.0,0.004186899999979232,,1372,4
Banknote,8,FullP,1.0,1.0,0.07789802100000998,0.0,1372,4
Banknote,8,APG_AMS,1.0,1.0,0.014006362999964495,80.0,1372,4
Banknote,8,NCA,1.0,1.0,0.5698143930000015,,1372,4
Banknote,8,LMNN,1.0,1.0,1.7483834500000057,,1372,4
Banknote,9,L2,1.0,1.0,0.004219700000021476,,1372,4
Banknote,9,FullP,1.0,1.0,0.07837439999997287,0.0,1372,4
Banknote,9,APG_AMS,1.0,1.0,0.01424952000002122,80.0,1372,4
Banknote,9,NCA,1.0,1.0,0.758244746999992,,1372,4
Banknote,9,LMNN,1.0,1.0,1.8014119759999971,,1372,4
Banknote,10,L2,0.9927007299270073,0.9927062319881188,0.004251097999997455,,1372,4
Banknote,10,FullP,0.9927007299270073,0.9927062319881188,0.07840787300000329,0.0,1372,4
Banknote,10,APG_AMS,0.9927007299270073,0.9927062319881188,0.014205174000039733,80.0,1372,4
Banknote,10,NCA,1.0,1.0,0.7571059940000282,,1372,4
Banknote,10,LMNN,0.9927007299270073,0.9927062319881188,1.7757060269999556,,1372,4
MiceProtein,1,L2,0.9722222222222222,0.9722162004090216,0.0029502440000328534,,1080,77
MiceProtein,1,FullP,0.9814814814814815,0.9814872850313194,0.16004013399998485,0.0,1080,77
MiceProtein,1,APG_AMS,0.9722222222222222,0.9722162004090216,0.06377935000000434,52.59259259259259,1080,77
MiceProtein,1,NCA,0.9907407407407407,0.9907823865844855,0.06275892999997268,,1080,77
MiceProtein,1,LMNN,0.9907407407407407,0.9907823865844855,1.1820313640000109,,1080,77
MiceProtein,2,L2,0.9814814814814815,0.9815231273252262,0.004802569999981188,,1080,77
MiceProtein,2,FullP,0.9907407407407407,0.9907705612214469,0.16427923300000202,0.0,1080,77
MiceProtein,2,APG_AMS,0.9814814814814815,0.9815231273252262,0.07569068100002596,45.18518518518518,1080,77
MiceProtein,2,NCA,0.9907407407407407,0.9907270233196159,0.07458632399999487,,1080,77
MiceProtein,2,LMNN,1.0,1.0,1.220891327000004,,1080,77
MiceProtein,3,L2,0.9814814814814815,0.9819219762546709,0.005817822999972577,,1080,77
MiceProtein,3,FullP,0.9814814814814815,0.9819219762546709,0.16378211200003534,0.0,1080,77
MiceProtein,3,APG_AMS,0.9814814814814815,0.9819219762546709,0.07380876100000933,46.666666666666664,1080,77
MiceProtein,3,NCA,0.9907407407407407,0.9907823865844855,0.04445178400004579,,1080,77
MiceProtein,3,LMNN,1.0,1.0,1.1695576639999672,,1080,77
MiceProtein,4,L2,0.9814814814814815,0.9814235143147927,0.005545401000006223,,1080,77
MiceProtein,4,FullP,0.9907407407407407,0.9907186158679587,0.1633358889999954,0.0,1080,77
MiceProtein,4,APG_AMS,0.9814814814814815,0.9814235143147927,0.07120847499999172,48.14814814814815,1080,77
MiceProtein,4,NCA,0.9907407407407407,0.990704898446834,0.04426230699999678,,1080,77
MiceProtein,4,LMNN,0.9907407407407407,0.990704898446834,1.145115589999989,,1080,77
MiceProtein,5,L2,0.9629629629629629,0.9626549919484702,0.0058742680000136716,,1080,77
MiceProtein,5,FullP,0.9629629629629629,0.962515929908403,0.1629278240000076,0.0,1080,77
MiceProtein,5,APG_AMS,0.9722222222222222,0.9721592884285731,0.07637100400000918,45.18518518518518,1080,77
MiceProtein,5,NCA,0.9537037037037037,0.9533540868454661,0.06124876600000562,,1080,77
MiceProtein,5,LMNN,1.0,1.0,1.2439502170000196,,1080,77
MiceProtein,6,L2,1.0,1.0,0.0027686399999993228,,1080,77
MiceProtein,6,FullP,1.0,1.0,0.16302189599997519,0.0,1080,77
MiceProtein,6,APG_AMS,1.0,1.0,0.06888827899996386,49.62962962962963,1080,77
MiceProtein,6,NCA,1.0,1.0,0.08098608099999183,,1080,77
MiceProtein,6,LMNN,1.0,1.0,1.2140395559999888,,1080,77
MiceProtein,7,L2,0.9907407407407407,0.990704898446834,0.002740405999986706,,1080,77
MiceProtein,7,FullP,0.9907407407407407,0.990704898446834,0.16371589399994946,0.0,1080,77
MiceProtein,7,APG_AMS,0.9907407407407407,0.990704898446834,0.0736559659999898,46.666666666666664,1080,77
MiceProtein,7,NCA,1.0,1.0,0.06034748600001194,,1080,77
MiceProtein,7,LMNN,1.0,1.0,1.2448950539999828,,1080,77
MiceProtein,8,L2,0.9722222222222222,0.9721141829750268,0.029529515999968226,,1080,77
MiceProtein,8,FullP,0.9814814814814815,0.9813734422342861,0.14654375200001368,0.0,1080,77
MiceProtein,8,APG_AMS,0.9722222222222222,0.9721141829750268,0.05956298199998855,55.55555555555556,1080,77
MiceProtein,8,NCA,0.9907407407407407,0.9906685437874522,0.06309433300003775,,1080,77
MiceProtein,8,LMNN,1.0,1.0,1.281876318000002,,1080,77
MiceProtein,9,L2,0.9814814814814815,0.9814338138245361,0.028373345000034078,,1080,77
MiceProtein,9,FullP,0.9907407407407407,0.9907407407407407,0.1457557319999978,0.0,1080,77
MiceProtein,9,APG_AMS,0.9907407407407407,0.990704898446834,0.06389853700000003,52.59259259259259,1080,77
MiceProtein,9,NCA,0.9907407407407407,0.9907289153777021,0.0743715759999759,,1080,77
MiceProtein,9,LMNN,1.0,1.0,1.2268396570000277,,1080,77
MiceProtein,10,L2,0.9907407407407407,0.9907760141093476,0.029162958000028993,,1080,77
MiceProtein,10,FullP,0.9907407407407407,0.9907760141093476,0.1470818720000011,0.0,1080,77
MiceProtein,10,APG_AMS,0.9907407407407407,0.9907760141093476,0.07766724200001818,42.96296296296296,1080,77
MiceProtein,10,NCA,0.9907407407407407,0.990704898446834,0.158609518999981,,1080,77
MiceProtein,10,LMNN,1.0,1.0,1.181932407999966,,1080,77
